TERENGGANU,2016,KUALA TERENGGANU,KUALA BERANG,40,KILOMETER (KM)
TERENGGANU,2016,KUALA TERENGGANU,BANDAR PERMAISURI,68,KILOMETER (KM)
TERENGGANU,2016,KUALA TERENGGANU,JERTIH,106,KILOMETER (KM)
TERENGGANU,2016,KUALA TERENGGANU,KAMPUNG RAJA,120,KILOMETER (KM)
TERENGGANU,2016,KUALA TERENGGANU,MARANG,18,KILOMETER (KM)
TERENGGANU,2016,KUALA TERENGGANU,DUNGUN,79,KILOMETER (KM)
TERENGGANU,2016,KUALA TERENGGANU,PAKA,100,KILOMETER (KM)
TERENGGANU,2016,KUALA TERENGGANU,KERTIH,115,KILOMETER (KM)
TERENGGANU,2016,KUALA TERENGGANU,KEMASIK,126,KILOMETER (KM)
TERENGGANU,2016,KUALA TERENGGANU,KIJAL,137,KILOMETER (KM)
TERENGGANU,2016,KUALA TERENGGANU,CUKAI,156,KILOMETER (KM)
TERENGGANU,2016,KUALA BERANG,BANDAR PERMAISURI,71,KILOMETER (KM)
TERENGGANU,2016,KUALA BERANG,JERTIH,109,KILOMETER (KM)
TERENGGANU,2016,KUALA BERANG,KAMPUNG RAJA,120,KILOMETER (KM)
TERENGGANU,2016,KUALA BERANG,MARANG,54,KILOMETER (KM)
TERENGGANU,2016,KUALA BERANG,DUNGUN,83,KILOMETER (KM)
TERENGGANU,2016,KUALA BERANG,PAKA,100,KILOMETER (KM)
TERENGGANU,2016,KUALA BERANG,KERTIH,115,KILOMETER (KM)
TERENGGANU,2016,KUALA BERANG,KEMASIK,126,KILOMETER (KM)
TERENGGANU,2016,KUALA BERANG,KIJAL,138,KILOMETER (KM)
TERENGGANU,2016,KUALA BERANG,CUKAI,158,KILOMETER (KM)
TERENGGANU,2016,BANDAR PERMAISURI,JERTIH,38,KILOMETER (KM)
TERENGGANU,2016,BANDAR PERMAISURI,KAMPUNG RAJA,49,KILOMETER (KM)
TERENGGANU,2016,BANDAR PERMAISURI,MARANG,83,KILOMETER (KM)
TERENGGANU,2016,BANDAR PERMAISURI,DUNGUN,145,KILOMETER (KM)
TERENGGANU,2016,BANDAR PERMAISURI,PAKA,163,KILOMETER (KM)
TERENGGANU,2016,BANDAR PERMAISURI,KERTIH,182,KILOMETER (KM)
TERENGGANU,2016,BANDAR PERMAISURI,KEMASIK,189,KILOMETER (KM)
TERENGGANU,2016,BANDAR PERMAISURI,KIJAL,200,KILOMETER (KM)
TERENGGANU,2016,BANDAR PERMAISURI,CUKAI,221,KILOMETER (KM)
TERENGGANU,2016,JERTIH,KAMPUNG RAJA,11,KILOMETER (KM)
TERENGGANU,2016,JERTIH,MARANG,121,KILOMETER (KM)
TERENGGANU,2016,JERTIH,DUNGUN,183,KILOMETER (KM)
TERENGGANU,2016,JERTIH,PAKA,201,KILOMETER (KM)
TERENGGANU,2016,JERTIH,KERTIH,219,KILOMETER (KM)
TERENGGANU,2016,JERTIH,KEMASIK,227,KILOMETER (KM)
TERENGGANU,2016,JERTIH,KIJAL,239,KILOMETER (KM)
TERENGGANU,2016,JERTIH,CUKAI,259,KILOMETER (KM)
TERENGGANU,2016,KAMPUNG RAJA,MARANG,132,KILOMETER (KM)
TERENGGANU,2016,KAMPUNG RAJA,DUNGUN,194,KILOMETER (KM)
TERENGGANU,2016,KAMPUNG RAJA,PAKA,212,KILOMETER (KM)
TERENGGANU,2016,KAMPUNG RAJA,KERTIH,227,KILOMETER (KM)
TERENGGANU,2016,KAMPUNG RAJA,KEMASIK,238,KILOMETER (KM)
TERENGGANU,2016,KAMPUNG RAJA,KIJAL,249,KILOMETER (KM)
TERENGGANU,2016,KAMPUNG RAJA,CUKAI,270,KILOMETER (KM)
TERENGGANU,2016,MARANG,DUNGUN,62,KILOMETER (KM)
TERENGGANU,2016,MARANG,PAKA,80,KILOMETER (KM)
TERENGGANU,2016,MARANG,KERTIH,100,KILOMETER (KM)
TERENGGANU,2016,MARANG,KEMASIK,106,KILOMETER (KM)
TERENGGANU,2016,MARANG,KIJAL,118,KILOMETER (KM)
TERENGGANU,2016,MARANG,CUKAI,138,KILOMETER (KM)
TERENGGANU,2016,DUNGUN,PAKA,23,KILOMETER (KM)
TERENGGANU,2016,DUNGUN,KERTIH,39,KILOMETER (KM)
TERENGGANU,2016,DUNGUN,KEMASIK,49,KILOMETER (KM)
TERENGGANU,2016,DUNGUN,KIJAL,61,KILOMETER (KM)
TERENGGANU,2016,DUNGUN,CUKAI,78,KILOMETER (KM)
TERENGGANU,2016,PAKA,KERTIH,15,KILOMETER (KM)
TERENGGANU,2016,PAKA,KEMASIK,26,KILOMETER (KM)
TERENGGANU,2016,PAKA,KIJAL,38,KILOMETER (KM)
TERENGGANU,2016,PAKA,CUKAI,58,KILOMETER (KM)
TERENGGANU,2016,KERTIH,KEMASIK,11,KILOMETER (KM)
TERENGGANU,2016,KERTIH,KIJAL,22,KILOMETER (KM)
TERENGGANU,2016,KERTIH,CUKAI,43,KILOMETER (KM)
TERENGGANU,2016,KEMASIK,KIJAL,11,KILOMETER (KM)
TERENGGANU,2016,KEMASIK,CUKAI,32,KILOMETER (KM)
TERENGGANU,2016,KIJAL,CUKAI,19,KILOMETER (KM)
